{
  "model_type": "random_forest",
  "accuracy": 0.9230769230769231,
  "precision": 0.9333333333333333,
  "recall": 0.9655172413793104,
  "f1_score": 0.9491525423728814,
  "train_accuracy": 0.9871794871794872,
  "n_train_samples": 156,
  "n_test_samples": 39,
  "n_features": 22
}